{
  "App.tsx": 1776093433.005409,
  "constants.ts": 1775838481.0555556,
  "index.tsx": 1775838481.0585551,
  "types.ts": 1776093915.6813905,
  "vite.config.ts": 1776105123.8348968,
  "api\\gemini.ts": 1776104114.5250852,
  "components\\ActiveRecall.tsx": 1775838481.0315557,
  "components\\AdminDashboard.tsx": 1775838481.0325553,
  "components\\Auth.tsx": 1776103976.8256612,
  "components\\ChapterBreakdown.tsx": 1775838481.034556,
  "components\\Community.tsx": 1776093209.6926167,
  "components\\DoubtSolver.tsx": 1776013121.3122168,
  "components\\Flashcards.tsx": 1775838481.0445557,
  "components\\Leaderboard.tsx": 1776095959.0880718,
  "components\\MarkdownRenderer.tsx": 1775838481.0465555,
  "components\\MindMap.tsx": 1775975444.1210468,
  "components\\Profile.tsx": 1776103966.8044913,
  "components\\ProfilePopup.tsx": 1775838481.0495548,
  "components\\Quiz.tsx": 1776095800.6470413,
  "components\\RevisionMode.tsx": 1775838481.0505555,
  "components\\Sidebar.tsx": 1776093418.3285596,
  "components\\SubjectSelection.tsx": 1775838481.0525558,
  "components\\WholeChapter.tsx": 1775923192.7356958,
  "contexts\\AuthContext.tsx": 1775838481.0565572,
  "lib\\supabase.ts": 1775838481.060557,
  "public\\OneSignalSDKWorker.js": 1775838481.066568,
  "services\\db.ts": 1776095951.6560774,
  "services\\geminiService.ts": 1776095947.7764685,
  "services\\notifications.ts": 1776095955.296592,
  "testsprite_tests\\TC001_jwt_authentication_middleware_verification.py": 1776105034.030167,
  "testsprite_tests\\TC002_rate_limiting_enforcement_per_user.py": 1776105034.0311677,
  "testsprite_tests\\TC003_cors_enforcement_for_allowed_origins.py": 1776105034.0321672,
  "testsprite_tests\\TC004_chapter_explanation_generation.py": 1776105034.0321672,
  "testsprite_tests\\TC005_chapter_generation_with_topic_and_level.py": 1776105034.0331683,
  "testsprite_tests\\TC006_mind_map_generation_with_complexity_and_detail.py": 1776105034.0341678,
  "testsprite_tests\\TC007_active_recall_question_generation.py": 1776105034.0341678,
  "testsprite_tests\\TC008_flashcard_generation_with_concepts.py": 1776105034.035166,
  "testsprite_tests\\TC009_quiz_generation_with_valid_count_and_type.py": 1776105034.036167,
  "testsprite_tests\\TC010_doubt_solver_chat_functionality.py": 1776105034.036167,
  "utils\\profanity.ts": 1776104108.5253577,
  "ABOUT.md": 1775838481.0295546,
  "docs.md": 1775838481.0575569,
  "index.html": 1775975767.9322674,
  "instructions.md": 1775838481.0595548,
  "old_script.txt": 1775922822.4925027,
  "product-spec.md": 1776104744.3194866,
  "README.md": 1775838481.030556,
  "report.md": 1776102639.9635115,
  "storage_setup.md": 1775978158.0685174,
  "testsprite_tests\\testsprite-mcp-test-report.html": 1776105117.40627,
  "testsprite_tests\\testsprite-mcp-test-report.md": 1776105111.789958,
  "testsprite_tests\\tmp\\raw_report.md": 1776105034.0711384,
  "testsprite_tests\\tmp\\prd_files\\product-spec.md": 1776104814.7420614
}